INSERT INTO endereco (idEndereco, bairro, cep, cidade, complemento, estado, logradouro, num) VALUES (1, 'Centro',     '01001-000', 'São Paulo',     'Apto 101', 'SP', 'Rua Direita',    '100');
INSERT INTO endereco (idEndereco, bairro, cep, cidade, complemento, estado, logradouro, num) VALUES (2, 'Jardim Luz',  '13010-200', 'Campinas',      NULL,        'SP', 'Av. das Flores', '500');
INSERT INTO endereco (idEndereco, bairro, cep, cidade, complemento, estado, logradouro, num) VALUES (3, 'Boa Viagem',  '51010-000', 'Recife',        'Bloco B',   'PE', 'Rua da Aurora',  '150');
INSERT INTO endereco (idEndereco, bairro, cep, cidade, complemento, estado, logradouro, num) VALUES (4, 'Savassi',     '30140-000', 'Belo Horizonte','Loja 2',    'MG', 'Rua Goiás',      '220');
INSERT INTO endereco (idEndereco, bairro, cep, cidade, complemento, estado, logradouro, num) VALUES (5, 'Copacabana',  '22040-002', 'Rio de Janeiro',NULL,      'RJ', 'Av. Atlântica',  '3000');
INSERT INTO marca (idMarca, nome) VALUES (1, 'Toyota');
INSERT INTO marca (idMarca, nome) VALUES (2, 'Honda');
INSERT INTO marca (idMarca, nome) VALUES (3, 'Ford');
INSERT INTO marca (idMarca, nome) VALUES (4, 'Chevrolet');
INSERT INTO marca (idMarca, nome) VALUES (5, 'Volkswagen');
INSERT INTO locadora (idLocadora, cnpj, nome, telefone, idEndereco) VALUES (1, '12345678000190', 'AutoRent SP',     '(11) 4000-1234', 1);
INSERT INTO locadora (idLocadora, cnpj, nome, telefone, idEndereco) VALUES (2, '98765432000110', 'CarFast Campinas','(19) 3900-5678', 2);
INSERT INTO locadora (idLocadora, cnpj, nome, telefone, idEndereco) VALUES (3, '11222333000155', 'BelaCar Recife',  '(81) 3500-9876', 3);
INSERT INTO locadora (idLocadora, cnpj, nome, telefone, idEndereco) VALUES (4, '22333444000166', 'BH Rent a Car',   '(31) 3333-4444', 4);
INSERT INTO locadora (idLocadora, cnpj, nome, telefone, idEndereco) VALUES (5, '33444555000177', 'RioDrive',        '(21) 2222-3333', 5);
INSERT INTO cliente (idCliente, cpf, dat_nasc, email, nome, sexo, telefone, idEndereco) VALUES (1, '123.456.789-00', '1985-05-20', 'joao.silva@gmail.com',    'João Silva',   'M', '(11) 98888-0001', 1);
INSERT INTO cliente (idCliente, cpf, dat_nasc, email, nome, sexo, telefone, idEndereco) VALUES (2, '987.654.321-11', '1990-08-15', 'maria.oliveira@yahoo.com', 'Maria Oliveira','F','(19) 97777-0002', 2);
INSERT INTO cliente (idCliente, cpf, dat_nasc, email, nome, sexo, telefone, idEndereco) VALUES (3, '111.222.333-44', '1978-12-05', 'carlos.pereira@uol.com',   'Carlos Pereira','M','(81) 96666-0003', 3);
INSERT INTO cliente (idCliente, cpf, dat_nasc, email, nome, sexo, telefone, idEndereco) VALUES (4, '555.666.777-88', '2000-01-30', 'ana.souza@hotmail.com',     'Ana Souza',     'F','(31) 95555-0004', 4);
INSERT INTO cliente (idCliente, cpf, dat_nasc, email, nome, sexo, telefone, idEndereco) VALUES (5, '999.888.777-66', '1995-03-25', 'eduardo.ramos@gmail.com',   'Eduardo Ramos', 'M','(21) 94444-0005', 5);
INSERT INTO veiculo (idVeiculo, modelo, placa, sitVeiculo, tipo, val_diaria, idLocadora, idMarca) VALUES (1, 'Corolla XEi',  'ABC1D23', 1, 'Sedan', 150.00, 1, 1);
INSERT INTO veiculo (idVeiculo, modelo, placa, sitVeiculo, tipo, val_diaria, idLocadora, idMarca) VALUES (2, 'Civic LX',     'XYZ9Z99', 1, 'Sedan', 160.00, 1, 2);
INSERT INTO veiculo (idVeiculo, modelo, placa, sitVeiculo, tipo, val_diaria, idLocadora, idMarca) VALUES (3, 'Ka SE',        'KAT4A56', 1, 'Hatch',  80.00, 2, 3);
INSERT INTO veiculo (idVeiculo, modelo, placa, sitVeiculo, tipo, val_diaria, idLocadora, idMarca) VALUES (4, 'Onix LT',      'ONI2B34', 1, 'Hatch',  90.00, 2, 4);
INSERT INTO veiculo (idVeiculo, modelo, placa, sitVeiculo, tipo, val_diaria, idLocadora, idMarca) VALUES (5, 'Golf Comfort', 'GOL5C67', 1, 'Hatch', 120.00, 3, 5);
INSERT INTO veiculo (idVeiculo, modelo, placa, sitVeiculo, tipo, val_diaria, idLocadora, idMarca) VALUES (6, 'Spin LTZ',     'SPI8D90', 1, 'MVP',   130.00, 4, 4);
INSERT INTO veiculo (idVeiculo, modelo, placa, sitVeiculo, tipo, val_diaria, idLocadora, idMarca) VALUES (7, 'Fit EX',       'FIT3E21', 1, 'Hatch', 110.00, 5, 2);
INSERT INTO contrato (idContrato, dat_inicio, dat_fim, dat_pagamento, forma_pagamento, qtd_parcelas, val_parcela, val_total, idCliente, idLocadora, idVeiculo) VALUES (1, '2025-05-01','2025-05-05','2025-05-01','Cartão',   1, 750.00, 750.00, 1, 1, 1);
INSERT INTO contrato (idContrato, dat_inicio, dat_fim, dat_pagamento, forma_pagamento, qtd_parcelas, val_parcela, val_total, idCliente, idLocadora, idVeiculo) VALUES (2, '2025-06-10','2025-06-15','2025-06-10','Dinheiro', 1, 800.00, 800.00, 2, 1, 2);
INSERT INTO contrato (idContrato, dat_inicio, dat_fim, dat_pagamento, forma_pagamento, qtd_parcelas, val_parcela, val_total, idCliente, idLocadora, idVeiculo) VALUES (3, '2025-07-01','2025-07-03','2025-06-28','Boleto',   2,  75.00, 150.00, 3, 2, 3);
INSERT INTO contrato (idContrato, dat_inicio, dat_fim, dat_pagamento, forma_pagamento, qtd_parcelas, val_parcela, val_total, idCliente, idLocadora, idVeiculo) VALUES (4, '2025-08-20','2025-08-27','2025-08-20','Cartão',   3,  30.00,  90.00, 4, 2, 4);
INSERT INTO contrato (idContrato, dat_inicio, dat_fim, dat_pagamento, forma_pagamento, qtd_parcelas, val_parcela, val_total, idCliente, idLocadora, idVeiculo) VALUES (5, '2025-09-05','2025-09-10','2025-09-05','Pix',      1, 600.00, 600.00, 5, 3, 5);
